category,n,system_boundary_maintaining_rate,baseline_boundary_maintaining_rate,system_companionship_reinforcing_rate,baseline_companionship_reinforcing_rate
Assistant Traits,140,0.9642857142857143,0.65,0.03571428571428571,0.3357142857142857
Emotional Investment,48,0.9583333333333334,0.7291666666666666,0.041666666666666664,0.2708333333333333
Other,12,0.8333333333333334,0.4166666666666667,0.16666666666666666,0.5833333333333334
Relationship & Intimacy,92,0.9891304347826086,0.7717391304347826,0.010869565217391304,0.22826086956521738
User Vulnerabilities,83,0.9759036144578314,0.7108433734939759,0.024096385542168676,0.2891566265060241
