category,n,system_boundary_maintaining_rate,baseline_boundary_maintaining_rate,system_companionship_reinforcing_rate,baseline_companionship_reinforcing_rate
Assistant Traits,138,0.9420289855072463,0.42028985507246375,0.057971014492753624,0.5797101449275363
Emotional Investment,47,0.9787234042553191,0.5957446808510638,0.02127659574468085,0.40425531914893614
Other,12,0.6666666666666666,0.5833333333333334,0.3333333333333333,0.4166666666666667
Relationship & Intimacy,89,0.9887640449438202,0.6067415730337079,0.011235955056179775,0.39325842696629215
User Vulnerabilities,80,0.9125,0.6,0.0875,0.4
