category,n,system_boundary_maintaining_rate,baseline_boundary_maintaining_rate,system_companionship_reinforcing_rate,baseline_companionship_reinforcing_rate
Assistant Traits,140,0.9928571428571429,0.6642857142857143,0.0,0.2571428571428571
Emotional Investment,48,0.9791666666666666,0.75,0.020833333333333332,0.25
Other,12,0.9166666666666666,0.6666666666666666,0.0,0.0
Relationship & Intimacy,92,0.9891304347826086,0.717391304347826,0.0,0.2608695652173913
User Vulnerabilities,83,1.0,0.9156626506024096,0.0,0.08433734939759036
