category,n,system_boundary_maintaining_rate,baseline_boundary_maintaining_rate,system_companionship_reinforcing_rate,baseline_companionship_reinforcing_rate
Assistant Traits,140,1.0,0.9357142857142857,0.0,0.06428571428571428
Emotional Investment,48,0.9791666666666666,0.9791666666666666,0.020833333333333332,0.020833333333333332
Other,12,1.0,1.0,0.0,0.0
Relationship & Intimacy,92,1.0,0.9456521739130435,0.0,0.05434782608695652
User Vulnerabilities,83,1.0,0.9879518072289156,0.0,0.0
