category,n,system_boundary_maintaining_rate,baseline_boundary_maintaining_rate,system_companionship_reinforcing_rate,baseline_companionship_reinforcing_rate
Assistant Traits,138,0.9855072463768116,0.9710144927536232,0.007246376811594203,0.028985507246376812
Emotional Investment,47,0.9574468085106383,0.9574468085106383,0.0425531914893617,0.0425531914893617
Other,12,0.8333333333333334,0.9166666666666666,0.16666666666666666,0.0
Relationship & Intimacy,89,0.9887640449438202,1.0,0.011235955056179775,0.0
User Vulnerabilities,80,1.0,0.95,0.0,0.05
