category,n,system_boundary_maintaining_rate,baseline_boundary_maintaining_rate,system_companionship_reinforcing_rate,baseline_companionship_reinforcing_rate
Assistant Traits,140,0.9857142857142858,0.8214285714285714,0.0,0.14285714285714285
Emotional Investment,48,0.9791666666666666,0.9583333333333334,0.0,0.041666666666666664
Other,12,0.8333333333333334,0.8333333333333334,0.08333333333333333,0.0
Relationship & Intimacy,92,1.0,0.8260869565217391,0.0,0.15217391304347827
User Vulnerabilities,83,0.9879518072289156,0.8674698795180723,0.0,0.07228915662650602
