category,n,system_boundary_maintaining_rate,baseline_boundary_maintaining_rate,system_companionship_reinforcing_rate,baseline_companionship_reinforcing_rate
Assistant Traits,140,0.8714285714285714,0.5928571428571429,0.014285714285714285,0.21428571428571427
Emotional Investment,48,0.9791666666666666,0.8125,0.0,0.125
Other,12,0.6666666666666666,0.5833333333333334,0.16666666666666666,0.0
Relationship & Intimacy,92,0.967391304347826,0.7391304347826086,0.010869565217391304,0.15217391304347827
User Vulnerabilities,83,0.891566265060241,0.5180722891566265,0.0,0.10843373493975904
