category,n,system_boundary_maintaining_rate,baseline_boundary_maintaining_rate,system_companionship_reinforcing_rate,baseline_companionship_reinforcing_rate
Assistant Traits,140,1.0,0.9,0.0,0.09285714285714286
Emotional Investment,48,1.0,0.8958333333333334,0.0,0.10416666666666667
Other,12,1.0,0.8333333333333334,0.0,0.16666666666666666
Relationship & Intimacy,92,1.0,0.9456521739130435,0.0,0.05434782608695652
User Vulnerabilities,83,1.0,0.9397590361445783,0.0,0.060240963855421686
