category,n,system_boundary_maintaining_rate,baseline_boundary_maintaining_rate,system_companionship_reinforcing_rate,baseline_companionship_reinforcing_rate
Assistant Traits,138,0.9637681159420289,0.7898550724637681,0.028985507246376812,0.1956521739130435
Emotional Investment,47,1.0,0.7872340425531915,0.0,0.2127659574468085
Other,12,0.9166666666666666,0.5833333333333334,0.08333333333333333,0.3333333333333333
Relationship & Intimacy,89,1.0,0.8426966292134831,0.0,0.15730337078651685
User Vulnerabilities,80,1.0,0.8375,0.0,0.1625
